Date,Close,High,Low,Open,Volume,Daily_Return,SMA_20,SMA_50,Signal,Position,Strategy_Return,Cumulative_Market_Return,Cumulative_Strategy_Return,Peak,Drawdown
2023-01-03,123.21121978759766,128.95456910153305,122.32459400935494,128.34378830008248,112117500,,,,0,,,,,,
2023-01-04,124.48204040527344,126.7478608503369,123.22106494631889,125.00416235162118,89113600,0.01031416310841271,,,0,0.0,0.0,1.0103141631084127,1.0,1.0,0.0
2023-01-05,123.16194152832031,125.87107085400619,122.90581107632524,125.24058317585433,80962700,-0.01060473360378178,,,0,0.0,-0.0,0.9996000505525202,1.0,1.0,0.0
2023-01-06,127.6935806274414,128.35362127262974,123.03388217385093,124.13723942127505,87754700,0.03679415120359297,,,0,0.0,0.0,1.0363794859556688,1.0,1.0,0.0
2023-01-09,128.21568298339844,131.4272419402479,127.95955255827974,128.53093430540028,70790800,0.004088712630592628,,,0,0.0,0.0,1.0406169438499828,1.0,1.0,0.0
2023-01-10,128.78709411621094,129.30921608440133,126.21588318349379,128.32407802637962,63896200,0.004456639932936213,,,0,0.0,0.0,1.0452545988768347,1.0,1.0,0.0
2023-01-11,131.5060577392578,131.52574967331964,128.52109123972087,129.29934353146365,69458900,0.02111208146829857,,,0,0.0,0.0,1.0673220991234362,1.0,1.0,0.0
2023-01-12,131.42724609375,132.26460425926095,129.48652329837336,131.89026209256642,71379600,-0.0005993004950697323,,,0,0.0,-0.0,1.0666824524610328,1.0,1.0,0.0
2023-01-13,132.75718688964844,132.914812571895,129.70326821418658,130.0677644513709,57809700,0.010119216794284513,,,0,0.0,0.0,1.077476443448145,1.0,1.0,0.0
2023-01-17,133.91966247558594,135.24958975985854,132.1365650960417,132.82615869144374,63646600,0.008756404177980848,,,0,0.0,0.0,1.0869112626792303,1.0,1.0,0.0
2023-01-18,133.2005157470703,136.5499789381121,133.02318309021993,134.78658853017248,69672800,-0.005369986118705539,,,0,0.0,-0.0,1.0810745642863782,1.0,1.0,0.0
2023-01-19,133.25961303710938,134.22504400705918,131.78190613060963,132.08729648616435,58280400,0.00044367163075609284,,,0,0.0,0.0,1.081554206401284,1.0,1.0,0.0
2023-01-20,135.8209686279297,135.9687483442848,132.22522101014553,133.26946486486585,80223600,0.0192207941509408,,,0,0.0,0.0,1.1023425371656073,1.0,1.0,0.0
2023-01-23,139.01283264160156,141.18999437445396,135.85053284595898,136.06726442233395,81760300,0.023500524594370464,,,0,0.0,0.0,1.1282481650716885,1.0,1.0,0.0
2023-01-24,140.4116973876953,141.03233904710638,138.2148441781761,138.22469014521045,66435100,0.010062846138099157,,,0,0.0,0.0,1.1396015527623975,1.0,1.0,0.0
2023-01-25,139.7516632080078,140.3131839948148,136.7469896041819,138.7960782416761,65799300,-0.004700706507842156,,,0,0.0,-0.0,1.1342446203269803,1.0,1.0,0.0
2023-01-26,141.82046508789062,142.10614847767724,139.79106829556534,141.0421976938989,54105100,0.014803415089261529,,,0,0.0,0.0,1.1510353142544425,1.0,1.0,0.0
2023-01-27,143.76116943359375,145.04185173584784,140.95353538112576,141.03234821855804,70555800,0.013684233403834956,,,0,0.0,0.0,1.1667863501507567,1.0,1.0,0.0
2023-01-30,140.87474060058594,143.38684562469143,140.72697590646771,142.80561778514152,64015300,-0.02007794486077208,,,0,0.0,-0.0,1.1433596781481283,1.0,1.0,0.0
2023-01-31,142.14553833007812,142.19479823056315,140.1654165994733,140.57917270592753,65874500,0.009020763580997126,133.76104583740235,,0,0.0,0.0,1.1536736554927476,1.0,1.0,0.0
2023-02-01,143.26861572265625,144.43108640849707,139.21971287170524,141.83032262446247,77663600,0.007900897951297114,134.76391563415527,,0,0.0,0.0,1.1627887133138957,1.0,1.0,0.0
2023-02-02,148.57852172851562,148.93315698101298,145.96789698553212,146.68704352311798,118339000,0.037062590289407504,135.96873970031737,,0,0.0,0.0,1.2058846749885959,1.0,1.0,0.0
2023-02-03,152.2038116455078,155.04101372137666,145.6329433931969,145.82996797468513,154357300,0.024399824919623114,137.42083320617675,,0,0.0,0.0,1.2353080499315743,1.0,1.0,0.0
2023-02-06,149.47499084472656,150.82464018350336,148.5391127115985,150.3025182240104,69858300,-0.01792872840226134,138.50990371704103,,0,0.0,-0.0,1.213160547411224,1.0,1.0,0.0
2023-02-07,152.35157775878906,152.9229595728958,148.4011799958932,148.4011799958932,83322600,0.019244603380178082,139.71669845581056,,0,0.0,0.0,1.2365073409826326,1.0,1.0,0.0
2023-02-08,149.66212463378906,152.28259464697476,148.92327132396665,151.59300123087564,64120100,-0.017652939106794663,140.76044998168945,,0,0.0,-0.0,1.2146793521871615,1.0,1.0,0.0
2023-02-09,148.6277618408203,152.0363458567265,148.18445275739066,151.49451696275133,56007100,-0.006911319717662345,141.61653518676758,,0,0.0,-0.0,1.206284314829753,1.0,1.0,0.0
2023-02-10,148.99281311035156,149.3184067990407,147.22673043469464,147.46352995054943,57450700,0.002456144565523566,142.49481353759765,,0,0.0,0.0,1.2092471234940985,1.0,1.0,0.0
2023-02-13,151.7948760986328,152.19938787253557,148.90400724096855,148.93360529625505,62199000,0.01880669899296361,143.4466979980469,,0,0.0,0.0,1.231989070153759,1.0,1.0,0.0
2023-02-14,151.153564453125,151.71595766811416,148.8448255867729,150.08798919443248,61707600,-0.004224857004337279,144.30839309692382,,0,0.0,-0.0,1.226784092501453,1.0,1.0,0.0
2023-02-15,153.255126953125,153.4228543120151,150.83785669682248,151.06478017591323,65573800,0.013903492832626707,145.31112365722657,,0,0.0,0.0,1.2438406763387275,1.0,1.0,0.0
2023-02-16,151.6567840576172,154.24178188706213,151.3015922520093,151.45944356730615,68167900,-0.010429294779786935,146.23098220825196,,0,0.0,-0.0,1.2308682952661014,1.0,1.0,0.0
2023-02-17,150.51226806640625,150.9562540378776,148.83497936586727,150.31494264074843,59144100,-0.0075467510294569,146.96554718017578,,0,0.0,-0.0,1.2215792386916762,1.0,1.0,0.0
2023-02-21,146.49664306640625,149.27898155177908,146.42758593465936,148.1936690103287,58867200,-0.026679718879980552,147.33973770141603,,0,0.0,-0.0,1.1889878480137617,1.0,1.0,0.0
2023-02-22,146.92088317871094,147.94698436963745,145.19425945136115,146.88140906273446,51011300,0.002895903301431746,147.6651969909668,,0,0.0,0.0,1.192431041848187,1.0,1.0,0.0
2023-02-23,147.40431213378906,148.33175804369702,145.27317680704334,148.0850975380816,48394200,0.00329040327432617,148.04782943725587,,0,0.0,0.0,1.1963546208526923,1.0,1.0,0.0
2023-02-24,144.75025939941406,145.22384336023686,143.77347836618958,145.14491019093927,55469600,-0.01800525843481493,148.19431915283204,,0,0.0,-0.0,1.1748139467245546,1.0,1.0,0.0
2023-02-27,145.94410705566406,147.1774097603546,145.48038403430326,145.73692063205627,44998500,0.008247637421883836,148.30346603393554,,0,0.0,0.0,1.1845033861953111,1.0,1.0,0.0
2023-02-28,145.44088745117188,147.0885776329724,144.86863333722954,145.0856957616546,50547000,-0.003448029623424609,148.53177337646486,,0,0.0,-0.0,1.180419183430663,1.0,1.0,0.0
2023-03-01,143.3689727783203,145.26332395747403,143.07297711330398,144.86867310742886,55479000,-0.014245751034399845,148.59294509887695,,0,0.0,-0.0,1.1636032256272801,1.0,1.0,0.0
2023-03-02,143.96095275878906,144.75026945161636,141.977792498003,142.4513915466776,52238100,0.004129066205866394,148.6275619506836,,0,0.0,0.0,1.1684078203832549,1.0,1.0,0.0
2023-03-03,149.0125732421875,149.09150642636217,145.36200004016092,146.06250758539213,70732300,0.035090212912542995,148.64926452636718,,0,0.0,0.0,1.2094074995691835,1.0,1.0,0.0
2023-03-06,151.77516174316406,154.21216902598104,151.41010897005816,151.7356876269036,87558000,0.01853929799928067,148.62783203125,,0,0.0,0.0,1.2318290656062614,1.0,1.0,0.0
2023-03-07,149.57493591308594,151.9724687898397,149.11121296034582,151.64687511738626,56182000,-0.014496613311480888,148.63282928466796,,0,0.0,-0.0,1.2139717159763246,1.0,1.0,0.0
2023-03-08,150.82798767089844,151.41997901042942,149.80188641133856,150.76879154793838,47204800,0.008377417982252222,148.55664978027343,,0,0.0,0.0,1.2241416644596903,1.0,1.0,0.0
2023-03-09,148.57843017578125,152.47566345847628,148.2232384177023,151.50875841619168,53833600,-0.014914721928304453,148.50246505737306,,0,0.0,-0.0,1.2058839319334222,1.0,1.0,0.0
2023-03-10,146.51632690429688,148.9237356272084,145.63821618700155,148.2034912322262,68572400,-0.013878887191395961,148.3968933105469,,0,0.0,-0.0,1.1891476048762013,1.0,1.0,0.0
2023-03-13,148.46005249023438,151.09438534791173,145.72704939093524,145.83558063473313,84457100,0.013266272960877012,148.37025527954103,,0,0.0,0.0,1.204923161593262,1.0,1.0,0.0
2023-03-14,150.5517120361328,151.35088971565344,148.09498288130473,149.25921331444258,73695900,0.014089039514761259,148.308097076416,,0,0.0,0.0,1.2218993716292006,1.0,1.0,0.0
2023-03-15,150.9463653564453,151.20288685726504,147.9173671829065,149.1704067412566,77167900,0.002621380487641156,148.29773712158203,142.74568634033204,1,0.0,0.0,1.2251024347998503,1.0,1.0,0.0
2023-03-16,153.76815795898438,154.3700101664544,149.6143886164517,150.1274466592856,76161100,0.01869400827158496,148.323388671875,143.35682510375977,1,1.0,0.01869400827158496,1.2480045098495376,1.018694008271585,1.018694008271585,0.0
2023-03-17,152.92955017089844,154.64631312163698,152.21916653990084,153.99512561739482,98944600,-0.0054537155105260915,148.38702697753905,143.92577529907226,1,1.0,-0.0054537155105260915,1.2411982482969646,1.0131383409581942,1.018694008271585,-0.005453715510526098
2023-03-20,155.29745483398438,155.7118577491849,152.0908681263484,152.99859207349292,73641400,0.015483630602717513,148.62628631591798,144.56848556518554,1,1.0,0.015483630602717513,1.2604165034783348,1.028825400779041,1.028825400779041,0.0
2023-03-21,157.1523895263672,157.27078178868533,154.44898411535414,155.21857898532377,73938300,0.011944398537411693,149.15907363891603,145.15766174316406,1,1.0,0.011944398537411693,1.275471420519011,1.041114101391358,1.041114101391358,0.0
2023-03-22,155.72171020507812,159.97413485829682,155.7019731494937,157.17207516380427,75701800,-0.009103770713260628,149.59911499023437,145.70778228759767,1,1.0,-0.009103770713260628,1.2638598211552892,1.0316360373259488,1.041114101391358,-0.009103770713260623
2023-03-23,156.80703735351562,159.3920501505052,155.57373460560854,156.70838216666218,67622100,0.00696965854669962,150.0692512512207,146.26818115234374,1,1.0,0.00696965854669962,1.2726684925596343,1.038826188250581,1.041114101391358,-0.0021975623399198476
2023-03-24,158.10940551757812,158.19819969843707,155.74147036488569,156.73797352277555,59196500,0.008305546651750984,150.7372085571289,146.80024810791016,1,1.0,0.008305546651750984,1.283238700096802,1.0474542076201567,1.0474542076201567,0.0
2023-03-27,156.16571044921875,158.62245469903792,155.76118357485748,157.8035399490982,52390300,-0.01229335511063745,151.24828872680663,147.29501739501953,1,1.0,-0.01229335511063745,1.2674633910647992,1.0345774810837507,1.0474542076201567,-0.012293355110637528
2023-03-28,155.54412841796875,156.37291926303735,153.89643783944095,155.85986113132142,45992200,-0.003980272170260646,151.7534507751465,147.75075622558595,1,1.0,-0.003980272170260646,1.2624185418025198,1.0304595811278148,1.0474542076201567,-0.016224696381672087
2023-03-29,158.6224365234375,158.89869507550165,157.22140670798015,157.24112870815475,51305700,0.01979057735433698,152.51612396240233,148.24481170654298,1,1.0,0.01979057735433698,1.2874025336076118,1.0508529711786425,1.0508529711786425,0.0
2023-03-30,160.1912078857422,160.2997391161816,159.11577163727372,159.37229315696538,49501700,0.00988997141065151,153.32763671875,148.78462554931642,1,1.0,0.00988997141065151,1.3001349078589914,1.0612458770203974,1.0612458770203974,0.0
2023-03-31,162.69728088378906,162.79595111857384,159.74723055627194,160.27014967971024,68749800,0.015644260575364166,154.0118721008301,149.37337890625,1,1.0,0.015644260575364166,1.3204745571406646,1.0778482840550354,1.0778482840550354,0.0
2023-04-03,163.9503173828125,164.06870961825848,162.02636828199599,162.07570339841976,56976200,0.007701643765751998,154.6206298828125,149.93596588134767,1,1.0,0.007701643765751998,1.3306443817815012,1.0861494875723543,1.0861494875723543,0.0
2023-04-04,163.41754150390625,164.61137005549932,162.90448337873613,164.37458557847017,46278300,-0.0032496178562573252,155.31276016235353,150.42406005859374,1,1.0,-0.0032496178562573252,1.3263202960381355,1.0826199168029744,1.0861494875723543,-0.003249617856257333
2023-04-05,161.57249450683594,162.84527116493152,159.6386845457234,162.53941454235493,51511700,-0.01129038523092829,155.8499855041504,150.84727600097656,1,1.0,-0.01129038523092829,1.3113456289562662,1.0703967208835934,1.0861494875723543,-0.014503313649735101
2023-04-06,162.46047973632812,162.75647535534287,159.83600833200663,160.26025717712315,45390100,0.005495893544272823,156.54408798217773,151.30145233154298,1,1.0,0.005495893544272823,1.3185526449327574,1.0762795073117084,1.0861494875723543,-0.00908712877332035
2023-04-10,159.8656005859375,159.8656005859375,157.94165171461705,159.26374836927192,47716900,-0.01597237158601339,157.21155166625977,151.6623550415039,1,1.0,-0.01597237158601339,1.2974922321321707,1.0590887710905144,1.0861494875723543,-0.024914357361916335
2023-04-11,158.6520538330078,160.19121311129285,158.36591919116847,160.1813521100088,47644200,-0.007591043654681218,157.72115173339844,151.9601727294922,1,1.0,-0.007591043654681218,1.2876429119564456,1.0510491819949837,1.0861494875723543,-0.03231627504223485
2023-04-12,157.96142578125,159.8952361057982,157.64569304379242,159.0664602524204,50133100,-0.00435309871553724,158.0916374206543,152.30190643310547,1,1.0,-0.00435309871553724,1.2820376752503375,1.0464738611508748,1.0861494875723543,-0.0365286978223948
2023-04-13,163.34848022460938,163.58527977239888,159.26378211877287,159.47098360495934,68445600,0.03410360736310114,158.7117431640625,152.72596527099608,1,1.0,0.03410360736310114,1.325759784751778,1.0821623948273127,1.0861494875723543,-0.003670850827313959
2023-04-14,163.00315856933594,164.0983319737809,161.63172656331614,162.39143019016473,49386500,-0.0021140181702248295,159.1734931945801,153.1206561279297,1,1.0,-0.0021140181702248295,1.3229571044774593,1.0798746838615136,1.0861494875723543,-0.005777108752189749
2023-04-17,163.0228729248047,163.1807392768596,161.83890539432053,162.8847436304976,41516200,0.00012094462243417148,159.67815933227538,153.40954315185547,1,1.0,0.00012094462243417148,1.323117109024957,1.0800052888974294,1.0861494875723543,-0.005656862839992441
2023-04-18,164.24630737304688,165.1737533320214,163.4372536454433,163.88125462301093,49923000,0.00750467971943114,160.1256019592285,153.65039306640625,1,1.0,0.00750467971943114,1.3330466791594888,1.0881103826858962,1.0881103826858962,0.0
2023-04-19,165.39080810546875,165.91372717633618,163.32871482350347,163.58525138616776,47720200,0.0069681976461266615,160.5375228881836,153.9687094116211,1,1.0,0.0069681976461266615,1.342335611891385,1.095692550893254,1.095692550893254,0.0
2023-04-20,164.42391967773438,165.6276243886042,163.3484832728481,163.87140244421354,52456400,-0.005846083218347897,160.9726333618164,154.21015625,1,1.0,-0.005846083218347897,1.334488206197316,1.089287041059008,1.095692550893254,-0.005846083218347965
2023-04-21,162.815673828125,164.22656472043278,162.2927547507698,162.84527188495923,58337300,-0.009781094215254638,161.27306518554687,154.47322723388672,1,1.0,-0.009781094215254638,1.321435451323354,1.078632621882954,1.095692550893254,-0.015569996342853654
2023-04-24,163.12155151367188,163.387949114539,161.70078438233358,162.79595779149312,41949600,0.0018786746899428497,161.52367248535157,154.76310302734376,1,1.0,0.0018786746899428497,1.3239179986601484,1.0806590216894323,1.095692550893254,-0.013720572610962602
2023-04-25,161.58238220214844,164.08844653165775,161.54290808705858,162.98341218856248,48714100,-0.009435720156171001,161.79450607299805,155.01489440917967,1,1.0,-0.009435720156171001,1.3114258789150732,1.0704622255765293,1.095692550893254,-0.02302682928359415
2023-04-26,161.57249450683594,163.07219461797823,160.6253265824028,160.8818480921529,45498800,-6.119290468264982e-05,162.0959243774414,155.21044677734375,1,1.0,-6.119290468264982e-05,1.3113456289562664,1.0703967208835932,1.095692550893254,-0.023086613109707315
2023-04-27,166.160400390625,166.3083906842776,162.98341161052969,162.98341161052969,64902300,0.028395339799590413,162.4728225708008,155.51058349609374,1,1.0,0.028395339799590413,1.348581733685187,1.1007909994934502,1.1007909994934502,0.0
2023-04-28,167.4134063720703,167.58114875947356,165.63746282624027,166.23931504498196,55275900,0.007540942237137305,162.83393249511718,155.79374908447267,1,1.0,0.007540942237137305,1.3587513106409657,1.109092000835791,1.109092000835791,0.0
2023-05-01,167.3246307373047,168.17314354860417,166.387323749872,167.0187740939811,52472900,-0.0005302779310775163,163.06529998779297,156.10710601806642,1,1.0,-0.0005302779310775163,1.3580307948071102,1.1085038738242132,1.109092000835791,-0.000530277931077432
2023-05-02,166.28866577148438,168.07450075678005,165.3020235951721,167.81796415576136,48425700,-0.0061913476889529084,163.18221740722657,156.42263397216797,1,1.0,-0.0061913476889529084,1.3496227539841543,1.1016407409268163,1.109092000835791,-0.006718342484987297
2023-05-03,165.21322631835938,168.63687581044152,164.92710671677185,167.23584575291258,65136000,-0.0064673046003200785,163.27200164794922,156.79696563720702,1,1.0,-0.0064673046003200785,1.340894332538616,1.0945160946951202,1.109092000835791,-0.013142197518047731
2023-05-04,163.57537841796875,164.8086809772467,162.11515240317325,162.68740659727376,81235400,-0.009913539835089025,163.37214584350585,157.1300555419922,1,1.0,-0.009913539835089025,1.3276013231583492,1.0836655657902141,1.109092000835791,-0.022925451654520958
2023-05-05,171.2515106201172,171.9717552811304,168.47903312093837,168.69609563055332,113453200,0.046927185963980156,163.81169738769532,157.60699951171875,1,1.0,0.046927185963980156,1.3899019173362273,1.1345189413188133,1.1345189413188133,0.0
2023-05-08,171.1824188232422,171.52774960942492,169.81098679048802,170.17603958076435,55962800,-0.00040345218926718385,164.37753829956054,158.13564270019532,1,1.0,-0.00040345218926718385,1.3893411583648112,1.134061217168173,1.1345189413188133,-0.0004034521892672789
2023-05-09,169.4755401611328,171.22188606967399,169.30781278853107,170.73844101187063,45326900,-0.009971109614193785,164.9187126159668,158.60627136230468,1,1.0,-0.009971109614193785,1.3754878853832446,1.122753368462583,1.1345189413188133,-0.01037053893745789
2023-05-10,171.24159240722656,171.70531537679722,169.60376298512443,170.70881232248743,53724500,0.010420691059102927,165.5827209472656,159.12228546142578,1,1.0,0.010420691059102927,1.3898214196923622,1.1344532344508986,1.1345189413188133,-5.791606073870155e-05
2023-05-11,171.42906188964844,172.25783762602444,169.87016559220018,171.5277321199156,49514700,0.0010947660541258397,165.98675003051758,159.68348724365234,1,1.0,0.0010947660541258397,1.3913429490039384,1.1356951953419687,1.1356951953419687,0.0
2023-05-12,170.50035095214844,171.97247152405595,168.94917294661113,171.5377460938216,45533100,-0.005417464969258434,166.3616096496582,160.21427520751953,1,1.0,-0.005417464969258434,1.3838053973174849,1.1295426064054486,1.1356951953419687,-0.005417464969258367
2023-05-15,170.00634765625,171.13267487374878,169.4135375098661,171.0832715155854,37266700,-0.0028973740707259887,166.71078338623047,160.63415069580077,1,1.0,-0.0028973740707259887,1.3797959954403665,1.1262698989458693,1.1356951953419687,-0.008299142617453278
2023-05-16,170.00634765625,171.0635071571624,169.73958158279842,169.92730529834625,42110300,0.0,166.99878540039063,160.9987744140625,1,1.0,0.0,1.3797959954403665,1.1262698989458693,1.1356951953419687,-0.008299142617453278
2023-05-17,170.618896484375,170.8560084675657,168.37611683004315,169.65065404284252,57951600,0.0036030938642570565,167.26018981933595,161.41965362548828,1,1.0,0.0036030938642570565,1.384767529925464,1.1303279551082586,1.1356951953419687,-0.004725951343039741
2023-05-18,172.9506072998047,173.13833101906644,170.51022910097907,170.92519018134206,65496700,0.013666193273282667,167.68652420043946,161.8621060180664,1,1.0,0.013666193273282667,1.4036920306279916,1.1457752354049624,1.1457752354049624,0.0
2023-05-19,173.05929565429688,174.2745399441767,172.84193292592303,174.2745399441767,55809500,0.0006284358071306784,168.19870529174804,162.3517233276367,1,1.0,0.0006284358071306784,1.4045741609622222,1.1464952815898144,1.1464952815898144,0.0
2023-05-22,172.11077880859375,172.61467191708667,171.36977372037438,171.89341610998645,43570900,-0.005480877765721925,168.64816665649414,162.86361236572264,1,1.0,-0.005480877765721925,1.3968758616730967,1.1402114810924437,1.1464952815898144,-0.0054808777657218725
2023-05-23,169.50245666503906,171.30063640969706,169.22581594675142,171.0536346915268,50747300,-0.01515490291549626,169.04417037963867,163.28446044921876,1,1.0,-0.01515490291549626,1.3757063436044408,1.1229316867933536,1.1464952815898144,-0.02055271851078684
2023-05-24,169.77911376953125,170.35215962008832,168.4749524111313,169.03810854350246,45143500,0.0016321716506970674,169.45450134277343,163.66900848388673,1,1.0,0.0016321716506970674,1.377951732498156,1.1247645040582073,1.1464952815898144,-0.018954092424587773
2023-05-25,170.91529846191406,171.81437317497037,169.63088663153601,170.34225271987503,56058300,0.006692134663425886,169.6922462463379,164.0683871459961,1,1.0,0.006692134663425886,1.3871731710517348,1.1322915795840063,1.1464952815898144,-0.0123888011000902
2023-05-26,173.32603454589844,173.6619683326656,171.03386649216068,171.24135456411133,54835000,0.014104858404594856,169.9878776550293,164.45954467773439,1,1.0,0.014104858404594856,1.4067390522120724,1.1482623919867538,1.1482623919867538,0.0
2023-05-30,175.1736297607422,176.8433638660441,174.4523889310648,174.83771102645838,55964400,0.010659652023334631,170.38032760620118,164.90442626953126,1,1.0,0.010659652023334631,1.4217344009962887,1.1605024695168145,1.1605024695168145,0.0
2023-05-31,175.12420654296875,177.19902686801004,174.64007778024913,175.20324889662425,99625300,-0.0002821384579456687,170.82210464477538,165.30096130371095,1,1.0,-0.0002821384579456687,1.4213332750447834,1.1601750471396228,1.1605024695168145,-0.00028213845794568466
2023-06-01,177.9301300048828,177.95976900098933,174.8080250915144,175.5687945017499,68901800,0.016022476374364603,171.45794982910155,165.71651611328124,1,1.0,0.016022476374364603,1.4441065538642868,1.1787639244225447,1.1787639244225447,0.0
2023-06-02,178.7798309326172,179.5998784017098,177.11009699591673,178.8588732872537,61996900,0.004775475225646586,172.218172454834,166.17767852783203,1,1.0,0.004775475225646586,1.4510028489354596,1.1843930823405104,1.1843930823405104,0.0
2023-06-05,177.42626953125,182.73186141970515,175.90473056039738,180.43969339813148,121946500,-0.007571107961710455,172.52691040039062,166.59006317138673,1,1.0,-0.007571107961710455,1.4400171497134198,1.1754259144450074,1.1843930823405104,-0.007571107961710437
2023-06-06,177.06069946289062,177.95977416384898,175.30203354675976,177.81157917901706,64848400,-0.0020604055381719943,172.82082443237306,166.96908905029298,1,1.0,-0.0020604055381719943,1.4370501304030876,1.173004060381174,1.1843930823405104,-0.00961591394710808
2023-06-07,175.6873779296875,179.03672040758232,175.19337452542106,176.29993732672585,61944600,-0.0077562188411605115,173.13141632080078,167.35952239990235,1,1.0,-0.0077562188411605115,1.425904055105963,1.1639059841872879,1.1843930823405104,-0.017297549655336964
2023-06-08,178.4044189453125,178.6711699623807,175.33171678380066,175.76642717021195,50214900,0.015465203292591712,173.48955764770508,167.8167282104492,1,1.0,0.015465203292591712,1.4479559511939075,1.1819060268462083,1.1843930823405104,-0.002099856484628764
2023-06-09,178.78973388671875,180.0444917855316,178.4636898031236,179.32325097528164,48900000,0.0021597836179403362,173.8575912475586,168.22007415771483,1,1.0,0.0021597836179403362,1.4510832227367954,1.1844586881209356,1.1844586881209356,0.0
2023-06-12,181.5857696533203,181.68457636718009,178.79959821677159,179.09600328256303,54274900,0.0156386818516836,174.4118621826172,168.6479653930664,1,1.0,0.0156386818516836,1.473776251597492,1.2029820607109214,1.2029820607109214,0.0
2023-06-13,181.1115264892578,181.94144859403625,180.2519653861507,180.6076484418825,54929100,-0.0026116758211169877,174.96712112426758,169.0162503051758,1,1.0,-0.0026116758211169877,1.4699272257954583,1.1998402615497252,1.2029820607109214,-0.00261167582111696
2023-06-14,181.7438507080078,182.1785761189824,179.8370047903456,181.17080494588566,57462900,0.003491352709610762,175.55399627685546,169.3721209716797,1,1.0,0.003491352709610762,1.47505926019817,1.204029327097987,1.204029327097987,0.0
2023-06-15,183.7791290283203,184.2830221162751,181.57587821037063,181.75372726370364,65433200,0.011198608989430925,176.21200790405274,169.77935272216797,1,1.0,0.011198608989430925,1.4915778720893687,1.217512780743965,1.217512780743965,0.0
2023-06-16,182.7022247314453,184.7474061455162,182.0600263098281,184.49051471623886,101256200,-0.005859774733773193,176.69958877563477,170.20194732666016,1,1.0,-0.005859774733773193,1.482837561761044,1.2103784301133156,1.217512780743965,-0.005859774733773152
2023-06-20,182.7911376953125,183.86807659469073,182.19834264439277,182.19834264439277,49799100,0.0004866550694599958,177.18618087768556,170.60856048583983,1,1.0,0.0004866550694599958,1.4835591921776607,1.2109674669122952,1.217512780743965,-0.00537597135339331
2023-06-21,181.75376892089844,183.18637601292107,180.4001891198182,182.6824828094761,49515700,-0.005675159022989429,177.66833038330077,171.04632385253908,1,1.0,-0.005675159022989429,1.4751397578420349,1.2040950339659011,1.217512780743965,-0.011020620884049273
2023-06-22,184.7572479248047,184.8066512736315,181.46718389330616,181.5363515968208,51245300,0.0165249888447343,178.43106994628906,171.568427734375,1,1.0,0.0165249888447343,1.4995164258847986,1.2239926909701877,1.2239926909701877,0.0
2023-06-23,184.4410858154297,185.31053654650353,182.7911164149862,183.32464848206732,53117000,-0.0017112298051964459,179.16416854858397,172.0980209350586,1,1.0,-0.0017112298051964459,1.4969504086834429,1.2218981581960568,1.2239926909701877,-0.001711229805196499
2023-06-26,183.0480194091797,185.79467703737228,183.0084906957425,184.5893075659166,48088700,-0.007552907206608173,179.77080459594725,172.49201171875,1,1.0,-0.007552907206608173,1.4856440811537626,1.2126692747912766,1.2239926909701877,-0.009251212251876823
2023-06-27,185.8045654296875,186.13060949863421,183.4432296659109,183.66059237854205,50730800,0.015059141472303583,180.3947311401367,172.94803985595703,1,1.0,0.015059141472303583,1.5080166055493476,1.2309310329594743,1.2309310329594743,0.0
2023-06-28,186.98028564453125,187.6224840299043,185.3500804657921,185.67610944091012,51216800,0.0063277251133457835,180.98506393432618,173.42718811035155,1,1.0,0.0063277251133457835,1.5175589200956245,1.2387200261695286,1.2387200261695286,0.0
2023-06-29,187.31622314453125,187.7904773075337,186.67402469467498,186.8123450566035,46347300,0.0017966466295737948,181.59466476440429,173.88858642578126,1,1.0,0.0017966466295737948,1.520285437214594,1.2409455683295316,1.2409455683295316,0.0
2023-06-30,191.6436767578125,192.14755478947328,188.9661717445866,189.33174450555188,85213200,0.02310239626143984,182.28034210205078,174.41364379882813,1,1.0,0.02310239626143984,1.5554076738156217,1.2696143845879582,1.2696143845879582,0.0
2023-07-03,190.1518096923828,191.5547776450248,189.46019281962833,191.45597092726317,31458200,-0.0077845879951208286,182.84894104003905,174.92820159912108,1,1.0,-0.0077845879951208286,1.543299465910518,1.259730959691262,1.2696143845879582,-0.007784587995120827
2023-07-05,189.03533935546875,190.66554451499093,188.33384790710164,189.27246641036476,46920300,-0.0058714683742439044,183.42939453125,175.45259490966797,1,1.0,-0.0058714683742439044,1.5342380319044369,1.2523344892013788,1.2696143845879582,-0.013610349407144912
2023-07-06,189.5095977783203,189.71708585705593,186.93089921117289,187.56322301313529,45094300,0.002508834720897024,184.05183944702148,175.98035583496093,1,1.0,0.002508834720897024,1.5380871815489994,1.255476389450064,1.2696143845879582,-0.01113566080340411
2023-07-07,188.3931121826172,190.35925096234297,187.9584018939785,189.11436793531539,46815000,-0.005891446178937776,184.68712615966797,176.51657043457033,1,1.0,-0.005891446178937776,1.5290256237003894,1.2480798178726917,1.2696143845879582,-0.016961501836051805
2023-07-10,186.3479461669922,187.71140025097682,184.796768395991,186.9901444981463,59922200,-0.010855842827430684,185.08430252075195,177.01207946777345,1,1.0,-0.010855842827430684,1.5124267618503837,1.2345308595337774,1.2696143845879582,-0.0276332132654332
2023-07-11,185.8243408203125,187.02971045254367,184.36209481962464,186.8913900886379,46638100,-0.0028098262280308317,185.43603286743163,177.4053582763672,1,1.0,-0.0028098262280308317,1.5081771054669608,1.231062042345346,1.2696143845879582,-0.030365394966066002
2023-07-12,187.49404907226562,189.4008949030878,186.2096372553674,187.4051170053163,60750200,0.008985411946477395,185.7314468383789,177.8069711303711,1,1.0,0.008985411946477395,1.5217286980478273,1.2421236419274908,1.2696143845879582,-0.02165282860227614
2023-07-13,188.25482177734375,188.897035286273,187.5039419858172,188.2153081360164,41342300,0.004057583207800475,186.0886116027832,178.22557495117186,1,1.0,0.004057583207800475,1.5279032388598541,1.2471636619589879,1.2696143845879582,-0.01768310354821356
2023-07-14,188.40301513671875,188.88712881002033,187.35573036289856,187.948525384943,41616200,0.0007871955574676459,186.42156982421875,178.66786193847656,1,1.0,0.0007871955574676459,1.529105997501725,1.248145423653117,1.2696143845879582,-0.016909828051301288
2023-07-17,191.6634521484375,191.9894962144421,189.5095893997432,189.598506397075,50520200,0.01730565197883238,186.8157859802246,179.19686645507812,1,1.0,0.01730565197883238,1.5555681737332352,1.2697453939738303,1.2697453939738303,0.0
2023-07-18,191.4065399169922,191.9993499863452,190.11225351055063,191.03110761046918,48288200,-0.0013404341232794437,187.25100173950196,179.75348968505858,1,1.0,-0.0013404341232794437,1.5534830370720756,1.268043383919871,1.2697453939738303,-0.001340434123279357
2023-07-19,192.7601318359375,195.85258285437448,190.3395031262878,190.7841182449009,80507300,0.0070718164569105735,187.74945144653321,180.183662109375,1,1.0,0.0070718164569105735,1.5644689839791732,1.2770107539903521,1.2770107539903521,0.0
2023-07-20,190.8137969970703,194.11373676342578,190.19134776196006,192.7502822772949,59581200,-0.010097185659344476,188.20245285034179,180.57628967285157,1,1.0,-0.010097185659344476,1.5486722501896495,1.264116539318332,1.2770107539903521,-0.010097185659344523
2023-07-21,189.63803100585938,192.63169045749675,188.93653953192955,191.77212935032986,71951700,-0.0061618499800042414,188.44649200439454,180.9795394897461,1,1.0,-0.0061618499800042414,1.5391295641157852,1.2563272428458103,1.2770107539903521,-0.01619681829609563
2023-07-24,190.4383087158203,192.57240699977407,189.94430532096735,191.09039681521514,45377800,0.004220027521463887,188.74635314941406,181.36347381591796,1,1.0,0.004220027521463887,1.5456247332354525,1.2616289783865844,1.2770107539903521,-0.012045141793601492
2023-07-25,191.29788208007812,192.10805493602857,190.60628029804008,191.01136672601527,37283200,0.004513657835202078,189.158846282959,181.76085021972656,1,1.0,0.004513657835202078,1.5526011544229028,1.267323539909997,1.2770107539903521,-0.007585851607032285
2023-07-26,192.16732788085938,193.29365506077994,191.00148706119938,191.34728040522955,47471900,0.004544983934622326,189.47698440551758,182.19418975830078,1,1.0,0.004544983934622326,1.5596577017266309,1.2730835050388565,1.2770107539903521,-0.0030753452460944
2023-07-27,190.90269470214844,194.83495794865564,190.24073188727883,193.66911704133602,47460200,-0.006580895892432825,189.67310485839843,182.61211669921875,1,1.0,-0.006580895892432825,1.5493937567637368,1.2647054750298223,1.2770107539903521,-0.009636002611629349
2023-07-28,193.4813690185547,194.2717774555962,191.81163515269853,192.33527753863382,48291400,0.013507794221708336,189.98136215209962,183.08161712646483,1,1.0,0.013507794221708336,1.570322648798501,1.281788856337593,1.281788856337593,0.0
2023-07-31,194.0939483642578,194.13347708185938,192.91821776612247,193.70862628447964,38824100,0.0031660895765337482,190.10387573242187,183.5511181640625,1,1.0,0.0031660895765337482,1.5752944309686567,1.2858471146749606,1.2858471146749606,0.0
2023-08-01,193.2640380859375,194.37060103419574,192.93799398672795,193.8864872822275,35175100,-0.004275817382841884,190.2594871520996,183.95738677978517,1,1.0,-0.004275817382841884,1.568558759657627,1.2803490672303564,1.2858471146749606,-0.004275817382841861
2023-08-02,190.27035522460938,192.83916391140565,189.54911446715442,192.70084355962268,50389300,-0.01549011854961313,190.32123794555665,184.3016079711914,1,1.0,-0.01549011854961313,1.5442615985184962,1.2605163083940716,1.2858471146749606,-0.019699703014298242
2023-08-03,188.8772430419922,190.06284809201935,188.40300403713854,189.27245477585868,61235200,-0.0073217510997583,190.28962020874025,184.63693725585938,1,1.0,-0.0073217510997583,1.532954899461229,1.251287121726824,1.2858471146749606,-0.02687721779184671
2023-08-04,179.80734252929688,185.13269797319032,179.7381748247779,183.29500493096032,115956800,-0.04802008101462407,189.8603317260742,184.84303497314454,1,1.0,-0.04802008101462407,1.4593422809973358,1.191200212768946,1.2858471146749606,-0.07360665263065867
2023-08-07,176.7050323486328,180.93370048918646,175.2230220636036,179.9456936325003,97576100,-0.017253523337950383,189.37818603515626,184.98155334472656,1,1.0,-0.017253523337950383,1.4341634848940905,1.1706478120977655,1.2858471146749606,-0.08959020186961766
2023-08-08,177.6436309814453,178.10799539743132,175.45025461361834,177.5349496271552,67823000,0.005311668945345405,188.9691505432129,185.11611999511717,1,1.0,0.005311668945345405,1.441781286539351,1.1768659057272217,1.2858471146749606,-0.08475440641735033
2023-08-09,176.0529327392578,178.76006170176663,174.88707688488682,178.70078370635215,60378500,-0.0089544344111816,188.3970947265625,185.17065795898438,1,1.0,-0.0089544344111816,1.4288709505737653,1.1663277371636316,1.2858471146749606,-0.09294991305520905
2023-08-10,175.83560180664062,178.58225997951547,175.47004405168224,177.3274869053262,54686900,-0.0012344635743106736,187.77613372802733,185.18389739990235,1,1.0,-0.0012344635743106736,1.4271070614328913,1.164887948056395,1.2858471146749606,-0.09406963334761768
2023-08-11,175.8949432373047,176.71609814181758,174.66816996475507,175.42996682009903,52036700,0.00033748245551157297,187.15073013305664,185.19931213378905,1,1.0,0.00033748245551157297,1.4275886850282615,1.1652810773015008,1.2858471146749606,-0.0937638977429574
2023-08-14,177.547119140625,177.77466331376394,175.42002721282074,176.07299580997798,43675600,0.009392969876861779,186.444913482666,185.1916519165039,1,1.0,0.009392969876861779,1.4409979825432806,1.1762265273586707,1.2858471146749606,-0.08525164933313244
2023-08-15,175.55856323242188,177.56692432110017,175.1628328578025,176.9733287591711,43622600,-0.011200158683668082,185.6525146484375,185.1272265625,1,1.0,-0.011200158683668082,1.4248585764759503,1.1630526036043138,1.2858471146749606,-0.09549697601622495
2023-08-16,174.6879425048828,176.6369303294026,174.61868139075943,175.24197103328896,46964900,-0.004959147030535016,184.74890518188477,185.07246002197266,0,1.0,-0.004959147030535016,1.4177924932974872,1.1572848547387935,1.2858471146749606,-0.09998253950172402
2023-08-17,172.14535522460938,175.61793712814787,171.6308936142582,175.25188574378228,66062900,-0.014555024484316448,183.81548309326172,184.97415313720703,0,0.0,-0.0,1.3971564888438623,1.1572848547387935,1.2858471146749606,-0.09998253950172402
2023-08-18,172.630126953125,173.23362560342792,170.12709527960956,170.46346761685473,61172200,0.0028160604617133433,182.965087890625,184.9130081176758,0,0.0,0.0,1.4010909659909219,1.1572848547387935,1.2858471146749606,-0.09998253950172402
2023-08-21,173.9656982421875,174.2526155537449,171.88809143364858,173.20391662712854,46311900,0.007736606075862795,182.14145736694337,184.8242337036133,0,0.0,0.0,1.4119306548712438,1.1572848547387935,1.2858471146749606,-0.09998253950172402
2023-08-22,175.3408966064453,175.78609702554508,174.37134667878323,175.17271045239184,42038900,0.007904997238842526,181.3436080932617,184.7552569580078,0,0.0,0.0,1.423091962799438,1.1572848547387935,1.2858471146749606,-0.09998253950172402
2023-08-23,179.18943786621094,179.61486234805133,176.42918310654636,176.61716031274474,52722800,0.02194890829378915,180.6947135925293,184.70733032226562,0,0.0,0.0,1.4543272777845513,1.1572848547387935,1.2858471146749606,-0.09998253950172402
2023-08-24,174.49998474121094,179.16967585239115,174.13391827576947,178.74425133745834,54945800,-0.026170365736072565,179.87457809448242,184.5750994873047,0,0.0,-0.0,1.4162670010249827,1.1572848547387935,1.2858471146749606,-0.09998253950172402
2023-08-25,176.70620727539062,177.2404448053197,173.9459523611551,175.4893219988908,51449600,0.01264311018394415,179.03582000732422,184.47434661865233,0,0.0,0.0,1.4341730207688257,1.1572848547387935,1.2858471146749606,-0.09998253950172402
2023-08-28,178.2693328857422,178.6650631932981,176.64681447093324,178.17039276078143,43820700,0.00884590097005189,178.24458923339844,184.3641506958008,0,0.0,0.0,1.446859573284467,1.1572848547387935,1.2858471146749606,-0.09998253950172402
2023-08-29,182.157470703125,182.92915552039761,177.58671984756458,177.78458503986462,53003900,0.0218104693299932,177.68926086425782,184.3532556152344,0,0.0,0.0,1.4784162596323949,1.1572848547387935,1.2858471146749606,-0.09998253950172402
2023-08-30,185.6498565673828,185.84773686983334,182.7708853589575,182.96875056526045,60813900,0.0191723449539416,177.45823593139647,184.41042999267577,0,0.0,0.0,1.5067609661475831,1.1572848547387935,1.2858471146749606,-0.09998253950172402
2023-08-31,185.8675079345703,187.10418431162185,185.4816655087761,185.83782890921285,60794500,0.0011723756280335174,177.3077491760254,184.49270477294922,0,0.0,0.0,1.508527455981567,1.1572848547387935,1.2858471146749606,-0.09998253950172402
2023-09-01,187.4405517578125,187.89564016216337,186.27312153245367,187.47023078000296,45766500,0.008463253425638806,177.68940963745118,184.5463708496094,0,0.0,0.0,1.5212945061410732,1.1572848547387935,1.2858471146749606,-0.09998253950172402
2023-09-05,187.677978515625,187.95499277883354,185.61025951662367,186.27311615331163,45280000,0.0012666776510521505,178.2380569458008,184.61110870361327,0,0.0,0.0,1.5232214958926704,1.1572848547387935,1.2858471146749606,-0.09998253950172402
2023-09-06,180.96035766601562,186.83704535292617,179.5357042757167,186.39182984634905,81755800,-0.035793335492741885,178.4038932800293,184.56935546875,0,0.0,-0.0,1.4687003178604279,1.1572848547387935,1.2858471146749606,-0.09998253950172402
2023-09-07,175.6674041748047,176.3104849506932,171.69024870609164,173.31276751432003,112488800,-0.029249243091018506,178.38461685180664,184.36661224365236,0,0.0,-0.0,1.425741945235472,1.1572848547387935,1.2858471146749606,-0.09998253950172402
2023-09-08,176.28077697753906,178.3188321743013,175.89493458078306,176.4489782367689,65551300,0.0034916711248491605,178.40687561035156,184.1526220703125,0,0.0,0.0,1.430720167217137,1.1572848547387935,1.2858471146749606,-0.09998253950172402
2023-09-11,177.4481964111328,178.37817933531872,175.44972343125323,178.15063513987275,58953100,0.006622499932267045,178.48453826904296,183.95526153564452,0,0.0,0.0,1.4401951114276257,1.1572848547387935,1.2858471146749606,-0.09998253950172402
2023-09-12,174.4208221435547,178.2100000030001,172.95660168355545,177.57682236385347,90370200,-0.01706060883574123,178.32822341918944,183.61080444335937,0,0.0,-0.0,1.4156245059844121,1.1572848547387935,1.2858471146749606,-0.09998253950172402
2023-09-13,172.35308837890625,175.41014819975618,172.12552909799857,174.6285604188278,84267900,-0.011854856199144725,178.16794967651367,183.25483001708983,0,0.0,-0.0,1.3988424810339817,1.1572848547387935,1.2858471146749606,-0.09998253950172402
2023-09-14,173.86680603027344,174.2229694212733,171.72982568427443,172.14534712441645,60895800,0.00878265463998762,178.12689285278321,182.95145935058594,0,0.0,0.0,1.4111280314406465,1.1572848547387935,1.2858471146749606,-0.09998253950172402
2023-09-15,173.1445770263672,174.61870067060727,171.96727382158934,174.5989096220804,109259500,-0.004153921156062945,178.1768539428711,182.6241589355469,0,0.0,-0.0,1.4052663168569317,1.1572848547387935,1.2858471146749606,-0.09998253950172402
2023-09-18,176.0730438232422,177.46801845316108,174.29222675272314,174.59892009061713,67257600,0.016913419104249705,178.34899978637696,182.37775756835939,0,0.0,0.0,1.4290341750270183,1.1572848547387935,1.2858471146749606,-0.09998253950172402
2023-09-19,177.16131591796875,177.71534451200176,175.24199179139225,175.62783421196144,51826900,0.00618079900872881,178.508780670166,182.1940249633789,0,0.0,0.0,1.437866748039465,1.1572848547387935,1.2858471146749606,-0.09998253950172402
2023-09-20,173.61944580078125,177.78456267568592,173.5303936437239,177.34925024969752,58436200,-0.01999234482333323,178.4227081298828,181.94992706298828,0,0.0,-0.0,1.409120420202655,1.1572848547387935,1.2858471146749606,-0.09998253950172402
2023-09-21,172.07608032226562,174.42082885900223,172.006834299268,172.68948203416045,63149100,-0.008889358397598857,178.06704025268556,181.64156768798827,0,0.0,-0.0,1.3965942437620986,1.1572848547387935,1.2858471146749606,-0.09998253950172402
2023-09-22,172.92691040039062,175.19250979208792,172.19480770645978,172.8081943086496,56725400,0.004944499412885106,177.98838653564454,181.3350094604492,0,0.0,0.0,1.403499703180419,1.1572848547387935,1.2858471146749606,-0.09998253950172402
2023-09-25,174.20314025878906,175.0836530194257,172.2937045509844,172.34317461316155,46172700,0.007380169202372722,177.86323318481445,181.0510119628906,0,0.0,0.0,1.4138577684653704,1.1572848547387935,1.2858471146749606,-0.09998253950172402
2023-09-26,170.1270751953125,173.33253018900052,169.83026989319274,172.9565908960506,64588900,-0.023398344354879752,177.45612030029298,180.62028442382814,0,0.0,-0.0,1.3807758375299959,1.1572848547387935,1.2858471146749606,-0.09998253950172402
2023-09-27,168.61337280273438,171.19555331579562,167.24809254140138,170.7800319235512,66921800,-0.008897480843894745,176.77891540527344,180.16442108154297,0,0.0,-0.0,1.36849041096586,1.1572848547387935,1.2858471146749606,-0.09998253950172402
2023-09-28,168.87062072753906,170.19633406818943,165.83333655703308,167.53500431517824,56294400,0.001525667392382024,175.93995361328126,179.686630859375,0,0.0,0.0,1.370578272162658,1.1572848547387935,1.2858471146749606,-0.09998253950172402
2023-09-29,169.38507080078125,171.22524557281096,168.52433390834895,170.18643455541363,51861100,0.0030464154808325095,175.1158317565918,179.25805633544923,0,0.0,0.0,1.374753623028667,1.1572848547387935,1.2858471146749606,-0.09998253950172402
2023-10-02,171.89801025390625,172.44215085955082,169.10806120104496,169.39497856408786,52164500,0.014835660789022764,174.33870468139648,178.90325592041015,0,0.0,0.0,1.3951490014484003,1.1572848547387935,1.2858471146749606,-0.09998253950172402
2023-10-03,170.56240844726562,171.7793089326026,168.9992627128071,170.42390128992824,49594600,-0.0077697339525212294,173.48292617797853,178.50573791503905,0,0.0,-0.0,1.3843090648830205,1.1572848547387935,1.2858471146749606,-0.09998253950172402
2023-10-04,171.8089599609375,172.3531005247124,169.14763028223018,169.26634637027362,53020300,0.007308477436617,173.0253562927246,178.11595947265624,0,0.0,0.0,1.3944262564490224,1.1572848547387935,1.2858471146749606,-0.09998253950172402
2023-10-05,173.0456085205078,173.5798459273994,170.83936759627778,171.9375365234678,48527900,0.00719781180126744,172.89426651000977,177.73352508544923,0,0.0,0.0,1.4044630742136883,1.1572848547387935,1.2858471146749606,-0.09998253950172402
2023-10-06,175.59812927246094,176.09279974358,171.33405713065292,171.947458780219,57266700,0.014750566476528837,172.86013412475586,177.42743377685548,0,0.0,0.0,1.4251797001537074,1.1572848547387935,1.2858471146749606,-0.09998253950172402
2023-10-09,177.0821533203125,177.1415113656987,173.92615307401468,174.9253820623563,42390800,0.00845125203782171,172.84183197021486,177.09944946289062,0,0.0,0.0,1.4372242529988937,1.1572848547387935,1.2858471146749606,-0.09998253950172402
2023-10-10,176.48854064941406,177.80436599291428,176.05322819338144,176.20163840129018,43698000,-0.0033521880086057054,172.94521789550782,176.74734130859375,0,0.0,-0.0,1.4324064070923135,1.1572848547387935,1.2858471146749606,-0.09998253950172402
2023-10-11,177.88351440429688,177.9329844734106,175.70696722860302,176.300562769531,47551100,0.007904047196207742,173.22173919677735,176.43973083496093,0,0.0,0.0,1.4437282149381214,1.1572848547387935,1.2858471146749606,-0.09998253950172402
2023-10-12,178.78382873535156,180.39644439001881,177.13161588848607,178.1506510638416,56743100,0.0050612578353295135,173.46759033203125,176.21000030517578,0,0.0,0.0,1.4510352956780632,1.1572848547387935,1.2858471146749606,-0.09998253950172402
2023-10-13,176.9436492919922,179.9908063804386,176.24121051823693,179.48624788964275,51427100,-0.010292762250233123,173.6575439453125,175.9713284301758,0,0.0,-0.0,1.4361001343629523,1.1572848547387935,1.2858471146749606,-0.09998253950172402
2023-10-16,176.81503295898438,177.17119633941073,174.6285826048942,174.86602989056055,52517000,-0.0007268773619309998,173.69464340209962,175.91148223876954,0,0.0,-0.0,1.4350562656858177,1.1572848547387935,1.2858471146749606,-0.09998253950172402
2023-10-17,175.2617645263672,176.51823191229096,172.93682206936518,174.76709399132676,57549400,-0.008784707989040186,173.59966583251952,175.8826168823242,0,0.0,-0.0,1.4224497154439253,1.1572848547387935,1.2858471146749606,-0.09998253950172402
2023-10-18,173.9656982421875,175.68715682310025,173.24348362037233,173.70847504574286,54764400,-0.007395031584226164,173.61697845458986,175.80905822753905,0,0.0,-0.0,1.411930654871244,1.1572848547387935,1.2858471146749606,-0.09998253950172402
2023-10-19,173.5897979736328,175.94441955236843,173.32267164674883,174.16360253338752,59302900,-0.002160772338184569,173.6926643371582,175.75979553222658,0,0.0,-0.0,1.4088797941687634,1.1572848547387935,1.2858471146749606,-0.09998253950172402
2023-10-20,171.03726196289062,173.55018124096887,170.79981470903,173.44135313663412,64244000,-0.014704412589557236,173.5981819152832,175.66382873535156,0,0.0,-0.0,1.3881630443862154,1.1572848547387935,1.2858471146749606,-0.09998253950172402
2023-10-23,171.156005859375,172.15523490983713,168.1187215150264,169.08828663709707,55980100,0.0006942574683528324,173.4458251953125,175.56904998779297,0,0.0,0.0,1.389126786947072,1.1572848547387935,1.2858471146749606,-0.09998253950172402
2023-10-24,171.59130859375,171.81885280099095,169.62251453312876,171.20546620053886,43816600,0.0025433097260556536,173.51903686523437,175.44993377685546,0,0.0,0.0,1.3926597666150389,1.1572848547387935,1.2858471146749606,-0.09998253950172402
2023-10-25,169.2762451171875,171.21534495437086,168.83102960610762,170.04792986204652,57157000,-0.01349172924628439,173.55218048095702,175.32428741455078,0,0.0,-0.0,1.3738703781116752,1.1572848547387935,1.2858471146749606,-0.09998253950172402
2023-10-26,165.11109924316406,169.55324523930184,163.90410215906684,168.554001286647,70625300,-0.024605613570527707,173.36420440673828,175.1327505493164,0,0.0,-0.0,1.3400654544918646,1.1572848547387935,1.2858471146749606,-0.09998253950172402
2023-10-27,166.4269256591797,167.1590433521086,165.05174242645685,165.13089150916355,58499100,0.007969339566189726,173.2162971496582,175.0183819580078,0,0.0,0.0,1.3507448911396307,1.1572848547387935,1.2858471146749606,-0.09998253950172402
2023-10-30,168.47488403320312,169.3455090048735,167.07002152646473,167.218431744534,51131000,0.01230545097142155,173.04514083862304,174.93527709960938,0,0.0,0.0,1.3673664161724475,1.1572848547387935,1.2858471146749606,-0.09998253950172402
2023-10-31,168.94976806640625,169.07837213199355,166.1103491096919,167.54490564738762,44846000,0.002818723015767244,172.9645088195801,174.83495849609375,0,0.0,0.0,1.3712206433607,1.1572848547387935,1.2858471146749606,-0.09998253950172402
2023-11-01,172.11563110351562,172.37285429322375,168.30666274339976,169.1772875334019,56934900,0.018738487026895623,172.97984237670897,174.77045318603516,0,0.0,0.0,1.3969152435973258,1.1572848547387935,1.2858471146749606,-0.09998253950172402
2023-11-02,175.67730712890625,175.88506030695757,173.58979679508,173.64915484595178,77334800,0.020693507048459292,173.1114273071289,174.70021057128906,0,0.0,0.0,1.4258223190368073,1.1572848547387935,1.2858471146749606,-0.09998253950172402
2023-11-03,174.76705932617188,174.9352605593319,171.50224651940002,172.38275929327585,79829200,-0.005181362451477378,173.06987380981445,174.7055520629883,0,0.0,-0.0,1.4184346168104716,1.1572848547387935,1.2858471146749606,-0.09998253950172402
2023-11-06,177.319580078125,177.51744525540883,174.3317811800047,174.49996733550321,63841300,0.01460527379584331,173.08174514770508,174.71781951904296,0,0.0,0.0,1.4391512427504907,1.1572848547387935,1.2858471146749606,-0.09998253950172402
2023-11-07,179.8819580078125,180.4953444952308,177.06233058738,177.2700837090538,70530000,0.014450620335095143,173.251416015625,174.75007202148439,0,0.0,0.0,1.4599478709642584,1.1572848547387935,1.2858471146749606,-0.09998253950172402
2023-11-08,180.9405975341797,181.4946261481432,179.6544510539658,180.40635996961416,49340300,0.005885190144089947,173.40427017211914,174.72573455810547,0,0.0,0.0,1.4685399417853424,1.1572848547387935,1.2858471146749606,-0.09998253950172402
2023-11-09,180.46568298339844,182.15744752284814,179.87207238589124,181.00982351508927,53763500,-0.002624698698099226,173.48836288452148,174.62205108642578,0,0.0,-0.0,1.4646854669120317,1.1572848547387935,1.2858471146749606,-0.09998253950172402
2023-11-10,184.6561279296875,184.82455079604722,181.81298306450438,182.24886906112522,66133400,0.02322017614104821,173.87398681640624,174.59782348632814,0,0.0,0.0,1.4986957214449625,1.1572848547387935,1.2858471146749606,-0.09998253950172402
2023-11-13,183.07107543945312,184.2895637344097,182.48659891185952,184.0815368898242,43627500,-0.008583806603146837,174.1867889404297,174.51043395996095,0,0.0,-0.0,1.4858312072151154,1.1572848547387935,1.2858471146749606,-0.09998253950172402
2023-11-14,185.68638610839844,186.35011603301572,184.55705211313364,185.94394820695575,60108400,0.014285766676507494,174.70802001953126,174.47060211181642,1,0.0,0.0,1.507057445162064,1.1572848547387935,1.2858471146749606,-0.09998253950172402
2023-11-15,186.25103759765625,187.72710311138576,186.0231936311185,186.09254599086609,53790500,0.003040887924482538,175.3222869873047,174.57641571044923,1,1.0,0.003040887924482538,1.5116402379485587,1.1608040282787553,1.2858471146749606,-0.09724568727427133
2023-11-16,187.9351806640625,189.17348632805627,186.88508476352558,187.79649103433664,54412900,0.009042328505274533,176.03955612182617,174.82177124023437,1,1.0,0.009042328505274533,1.5253089855618809,1.1713003996326978,1.2858471146749606,-0.08908268621905191
2023-11-17,187.9153289794922,188.59887599886426,186.805812145748,188.47008739636428,50922700,-0.00010563048653355889,176.88345947265626,175.05446228027344,1,1.0,-0.00010563048653355889,1.525147866431622,1.1711766746016077,1.2858471146749606,-0.08917890685809843
2023-11-20,189.6588897705078,190.11459289941732,188.10358573904105,188.11348674243894,46505100,0.009278438329030081,177.8086036682129,175.29867614746092,1,1.0,0.009278438329030081,1.5392988568529598,1.1820433651492972,1.2858471146749606,-0.08072790951660155
2023-11-21,188.85646057128906,189.72823253932046,187.9648865974642,189.61926104331656,38134500,-0.00423090739479548,178.67186126708984,175.5873889160156,1,1.0,-0.00423090739479548,1.5327862259367004,1.177042249134718,1.2858471146749606,-0.08461726460205686
2023-11-22,189.5201873779297,191.12502655036587,189.0446822742513,189.69851123933077,39617700,0.003514451158477039,179.68405838012694,175.9307308959961,1,1.0,0.003514451158477039,1.5381731282641413,1.181178906630766,1.2858471146749606,-0.08140019668718765
2023-11-24,188.19273376464844,189.1140258787283,187.47946852715137,189.0843077535022,24048300,-0.007004286095571022,180.83814010620117,176.2172494506836,1,1.0,-0.007004286095571022,1.5273993236092598,1.1729055916386704,1.2858471146749606,-0.08783433251692589
2023-11-27,188.014404296875,188.886176253634,187.13273133734725,188.14319291304204,40552600,-0.0009475895493205044,181.91751403808593,176.51464599609375,1,1.0,-0.0009475895493205044,1.5259519759725684,1.171794158557694,1.2858471146749606,-0.08869869117068173
2023-11-28,188.61871337890625,189.29235952290682,187.62806884410938,188.00451860446373,38415400,0.003214163746076748,182.9247055053711,176.76555938720702,1,1.0,0.003214163746076748,1.5308566354919937,1.1755604968599946,1.2858471146749606,-0.08576961954209032
2023-11-29,187.59832763671875,190.29288164913223,187.2020759179661,189.11401237919708,43014200,-0.005409779994298369,183.8571334838867,176.97429962158202,1,1.0,-0.005409779994298369,1.5225750378911702,1.169200973201994,1.2858471146749606,-0.09071540476447139
2023-11-30,188.1728973388672,188.53944603911236,186.42936866830843,188.06392585220516,48794400,0.003062765587447558,184.6599967956543,177.26536865234374,1,1.0,0.003062765587447558,1.52723832832153,1.1727819617075272,1.2858471146749606,-0.08793047919698777
2023-12-01,189.4508514404297,189.76784980640184,187.4596464071562,188.54936135651158,45704800,0.0067913823915943805,185.34867401123046,177.61286407470703,1,1.0,0.0067913823915943805,1.537610387812261,1.1807467724714473,1.2858471146749606,-0.0817362663134962
2023-12-04,187.6577911376953,188.272001041812,185.69631914773436,188.20264866713902,43389500,-0.009464514353466402,185.99321060180665,177.90748168945314,1,1.0,-0.009464514353466402,1.5230576522267727,1.1695715776955822,1.2858471146749606,-0.09042718660123977
2023-12-05,191.61041259765625,192.58123974828874,188.40071972597306,188.4304529607772,66628400,0.021062922226664504,186.7077522277832,178.25562713623046,1,1.0,0.021062922226664504,1.5551376971023514,1.1942061728751014,1.2858471146749606,-0.07126892517313332
2023-12-06,190.52073669433594,192.93789631295678,190.3126947209947,192.63079897005184,41089700,-0.0056869346949761646,187.23969116210938,178.66350036621094,1,1.0,-0.0056869346949761646,1.5462937305772346,1.1874148003576233,1.2858471146749606,-0.07655055814486879
2023-12-07,192.45248413085938,193.17565028147504,191.77883810543793,191.8184723448333,47477700,0.010139302786880577,187.81528549194337,179.14028259277345,1,1.0,0.010139302786880577,1.5619720709090124,1.1994543585520725,1.2858471146749606,-0.0671874246455238
2023-12-08,193.87901306152344,194.15639227120218,191.8580901155405,192.38313041357762,53406400,0.0074123695368570885,188.4859519958496,179.64045043945313,1,1.0,0.0074123695368570885,1.57354998510484,1.2083451575002544,1.2858471146749606,-0.06027307312836902
2023-12-11,191.37269592285156,191.67980841318465,189.6291670567547,191.3033586686724,60943700,-0.012927222493527735,188.8217803955078,180.08020294189453,1,1.0,-0.012927222493527735,1.5532083543427024,1.1927246108002718,1.2858471146749606,-0.07242113219519765
2023-12-12,192.88836669921875,192.89826770087802,189.92633467152928,191.27361158280868,52696900,0.007919994903443195,189.3126449584961,180.50001007080078,1,1.0,0.007919994903443195,1.565509756593082,1.2021709836390213,1.2858471146749606,-0.06507471228964194
2023-12-13,196.10797119140625,196.1475903161728,193.02706651664724,193.26481149731427,70404200,0.016691543130789244,189.83372421264647,181.0109213256836,1,1.0,0.016691543130789244,1.5916405302169268,1.2222370724630154,1.2858471146749606,-0.049469366525758944
2023-12-14,196.25657653808594,197.75244424587422,194.32482284497263,196.16742216364264,66831600,0.0007577731072168081,190.33400115966796,181.49987365722657,1,1.0,0.0007577731072168081,1.5928466326070814,1.2231632508471713,1.2858471146749606,-0.048749079974126405
2023-12-15,195.7216339111328,196.54385551373443,195.15695931123605,195.68199966761293,128538400,-0.00272573096091544,190.72332382202148,181.95339416503907,1,1.0,-0.00272573096091544,1.5885049612245943,1.219829236904083,1.2858471146749606,-0.051341934058440286
2023-12-18,194.05734252929688,194.7904248709577,192.57137584033416,194.2554683979516,55751900,-0.008503359330178095,191.03042449951172,182.32257843017578,1,1.0,-0.008503359330178095,1.574997332741531,1.2094565905812307,1.2858471146749606,-0.05940871447461318
2023-12-19,195.0975341796875,195.10743518311423,194.05735441052127,194.32483266340077,40714100,0.005360228254355226,191.3023567199707,182.68288604736327,1,1.0,0.005360228254355226,1.5834396779450262,1.2159395539704803,1.2858471146749606,-0.054366930490139756
2023-12-20,193.00726318359375,195.8305908429342,193.00726318359375,195.05788936850126,52242800,-0.010713979573768406,191.50989685058593,183.01326049804686,1,1.0,-0.010713979573768406,1.5664747375792287,1.2029120024263034,1.2858471146749606,-0.06449842388114839
2023-12-21,192.85862731933594,195.236182736706,191.68967428738756,194.26535554386368,46482500,-0.0007701050302776347,191.67681884765625,183.31276275634767,1,1.0,-0.0007701050302776347,1.565268387504016,1.2019856338422534,1.2858471146749606,-0.06521885835075025
2023-12-22,191.7887725830078,193.58183662844655,191.16466173906855,193.35397752019378,37149600,-0.005547352229966163,191.85662078857422,183.5728616333008,1,1.0,-0.005547352229966163,1.5565852924241002,1.1953177961559713,1.2858471146749606,-0.07040441860140852
2023-12-26,191.24391174316406,192.0760494430794,191.02596875756228,191.7986702097743,28919300,-0.002840942316411854,192.01809616088866,183.8588668823242,1,1.0,-0.002840942316411854,1.5521631233977482,1.1919219672473116,1.2858471146749606,-0.07304534602575333
2023-12-27,191.3429412841797,191.68967283701622,189.3022164363663,190.68912753168,48087700,0.000517818005880466,192.15430755615233,184.14942504882814,1,1.0,0.000517818005880466,1.5529668614111072,1.1925391659035567,1.2858471146749606,-0.07256535221529078
2023-12-28,191.7689208984375,192.83881853120252,191.36275311714084,192.32367927482704,34049900,0.0022262624970583733,192.3628372192383,184.47956817626954,1,1.0,0.0022262624970583733,1.556424173293841,1.195194071124881,1.2858471146749606,-0.07050063924045522
2023-12-29,190.72874450683594,192.58124449746825,189.93622604929251,192.08592235100764,42672100,-0.005424113494138294,192.49062957763672,184.8148291015625,1,1.0,-0.005424113494138294,1.547981951932875,1.1887112028355784,1.2858471146749606,-0.07554234926594398
